name,x,y
住吉町,-249865.49768414034,38872.37724872655
青柳町,-249019.793893891,38765.16423236096
豊川町,-247937.58805767202,39055.55169540056
松風町,-247375.08909069904,40074.27534225864
新川町,-246873.56678404385,40462.86272678322
末広町,-248112.84415892966,38708.031955076
元町,-248355.01538057424,38408.91589268332
二十間坂,-248389.5533255583,39004.46987187786
堀川町,-246696.82858079032,41073.387155420925
的場町,-246565.23292020606,41685.14310698706
